,iso_alpha2,iso_alpha3,iso_numeric,fips_code,name,capital,areainsqkm,population,continent,tld,currency,currencyName,Phone,postalCodeFormat,postalCodeRegex,geonameId,languages,neighbours,equivalentFipsCode
0,AD,AND,20,AN,Andorra,Andorra la Vella,468.0,84000,EU,.ad,EUR,Euro,376,AD###,^(?:AD)*(d{3})$,3041565,ca,"ES,FR",
1,AE,ARE,784,AE,United Arab Emirates,Abu Dhabi,82880.0,4975593,AS,.ae,AED,Dirham,971,,,290557,"ar-AE,fa,en,hi,ur","SA,OM",
2,AF,AFG,4,AF,Afghanistan,Kabul,647500.0,29121286,AS,.af,AFN,Afghani,93,,,1149361,"fa-AF,ps,uz-AF,tk","TM,CN,IR,TJ,PK,UZ",
3,AG,ATG,28,AC,Antigua and Barbuda,St. John's,443.0,86754,NA,.ag,XCD,Dollar,+1-268,,,3576396,en-AG,,
4,AI,AIA,660,AV,Anguilla,The Valley,102.0,13254,NA,.ai,XCD,Dollar,+1-264,,,3573511,en-AI,,
5,AL,ALB,8,AL,Albania,Tirana,28748.0,2986952,EU,.al,ALL,Lek,355,####,^(d{4})$,783754,"sq,el","MK,GR,ME,RS,XK",
6,AM,ARM,51,AM,Armenia,Yerevan,29800.0,2968000,AS,.am,AMD,Dram,374,######,^(d{6})$,174982,hy,"GE,IR,AZ,TR",
7,AO,AGO,24,AO,Angola,Luanda,1246700.0,13068161,AF,.ao,AOA,Kwanza,244,,,3351879,pt-AO,"CD,NA,ZM,CG",
8,AQ,ATA,10,AY,Antarctica,,14000000.0,0,AN,.aq,,,,,,6697173,,,
9,AR,ARG,32,AR,Argentina,Buenos Aires,2766890.0,41343201,SA,.ar,ARS,Peso,54,@####@@@,"^[A-Z]?d{4}[A-Z]{0,3}$",3865483,"es-AR,en,it,de,fr,gn","CL,BO,UY,PY,BR",
10,AS,ASM,16,AQ,American Samoa,Pago Pago,199.0,57881,OC,.as,USD,Dollar,+1-684,#####-####,96799,5880801,"en-AS,sm,to",,
11,AT,AUT,40,AU,Austria,Vienna,83858.0,8205000,EU,.at,EUR,Euro,43,####,^(d{4})$,2782113,"de-AT,hr,hu,sl","CH,DE,HU,SK,CZ,IT,SI,LI",
12,AU,AUS,36,AS,Australia,Canberra,7686850.0,21515754,OC,.au,AUD,Dollar,61,####,^(d{4})$,2077456,en-AU,,
13,AW,ABW,533,AA,Aruba,Oranjestad,193.0,71566,NA,.aw,AWG,Guilder,297,,,3577279,"nl-AW,pap,es,en",,
14,AX,ALA,248,,Aland Islands,Mariehamn,1580.0,26711,EU,.ax,EUR,Euro,+358-18,#####,^(?:FI)*(d{5})$,661882,sv-AX,,FI
15,AZ,AZE,31,AJ,Azerbaijan,Baku,86600.0,8303512,AS,.az,AZN,Manat,994,AZ ####,^(?:AZ)*(d{4})$,587116,"az,ru,hy","GE,IR,AM,TR,RU",
16,BA,BIH,70,BK,Bosnia and Herzegovina,Sarajevo,51129.0,4590000,EU,.ba,BAM,Marka,387,#####,^(d{5})$,3277605,"bs,hr-BA,sr-BA","HR,ME,RS",
17,BB,BRB,52,BB,Barbados,Bridgetown,431.0,285653,NA,.bb,BBD,Dollar,+1-246,BB#####,^(?:BB)*(d{5})$,3374084,en-BB,,
18,BD,BGD,50,BG,Bangladesh,Dhaka,144000.0,156118464,AS,.bd,BDT,Taka,880,####,^(d{4})$,1210997,"bn-BD,en","MM,IN",
19,BE,BEL,56,BE,Belgium,Brussels,30510.0,10403000,EU,.be,EUR,Euro,32,####,^(d{4})$,2802361,"nl-BE,fr-BE,de-BE","DE,NL,LU,FR",
20,BF,BFA,854,UV,Burkina Faso,Ouagadougou,274200.0,16241811,AF,.bf,XOF,Franc,226,,,2361809,"fr-BF,mos","NE,BJ,GH,CI,TG,ML",
21,BG,BGR,100,BU,Bulgaria,Sofia,110910.0,7148785,EU,.bg,BGN,Lev,359,####,^(d{4})$,732800,"bg,tr-BG,rom","MK,GR,RO,TR,RS",
22,BH,BHR,48,BA,Bahrain,Manama,665.0,738004,AS,.bh,BHD,Dinar,973,####|###,^(d{3}d?)$,290291,"ar-BH,en,fa,ur",,
23,BI,BDI,108,BY,Burundi,Bujumbura,27830.0,9863117,AF,.bi,BIF,Franc,257,,,433561,"fr-BI,rn","TZ,CD,RW",
24,BJ,BEN,204,BN,Benin,Porto-Novo,112620.0,9056010,AF,.bj,XOF,Franc,229,,,2395170,fr-BJ,"NE,TG,BF,NG",
25,BL,BLM,652,TB,Saint Barthelemy,Gustavia,21.0,8450,NA,.gp,EUR,Euro,590,#####,^(d{5})$,3578476,fr,,
26,BM,BMU,60,BD,Bermuda,Hamilton,53.0,65365,NA,.bm,BMD,Dollar,+1-441,@@ ##,^([A-Z]{2}d{2})$,3573345,"en-BM,pt",,
27,BN,BRN,96,BX,Brunei,Bandar Seri Begawan,5770.0,395027,AS,.bn,BND,Dollar,673,@@####,^([A-Z]{2}d{4})$,1820814,"ms-BN,en-BN",MY,
28,BO,BOL,68,BL,Bolivia,Sucre,1098580.0,9947418,SA,.bo,BOB,Boliviano,591,,,3923057,"es-BO,qu,ay","PE,CL,PY,BR,AR",
29,BQ,BES,535,,"Bonaire, Saint Eustatius and Saba ",,328.0,18012,NA,.bq,USD,Dollar,599,,,7626844,"nl,pap,en",,
30,BR,BRA,76,BR,Brazil,Brasilia,8511965.0,201103330,SA,.br,BRL,Real,55,#####-###,^d{5}-d{3}$,3469034,"pt-BR,es,en,fr","SR,PE,BO,UY,GY,PY,GF,VE,CO,AR",
31,BS,BHS,44,BF,Bahamas,Nassau,13940.0,301790,NA,.bs,BSD,Dollar,+1-242,,,3572887,en-BS,,
32,BT,BTN,64,BT,Bhutan,Thimphu,47000.0,699847,AS,.bt,BTN,Ngultrum,975,,,1252634,dz,"CN,IN",
33,BV,BVT,74,BV,Bouvet Island,,49.0,0,AN,.bv,NOK,Krone,,,,3371123,,,
34,BW,BWA,72,BC,Botswana,Gaborone,600370.0,2029307,AF,.bw,BWP,Pula,267,,,933860,"en-BW,tn-BW","ZW,ZA,NA",
35,BY,BLR,112,BO,Belarus,Minsk,207600.0,9685000,EU,.by,BYN,Belarusian ruble,375,######,^(d{6})$,630336,"be,ru","PL,LT,UA,RU,LV",
36,BZ,BLZ,84,BH,Belize,Belmopan,22966.0,314522,NA,.bz,BZD,Dollar,501,,,3582678,"en-BZ,es","GT,MX",
37,CA,CAN,124,CA,Canada,Ottawa,9984670.0,33679000,NA,.ca,CAD,Dollar,1,@#@ #@#,^([ABCEGHJKLMNPRSTVXY]d[ABCEGHJKLMNPRSTVWXYZ]) ?(d[ABCEGHJKLMNPRSTVWXYZ]d)$ ,6251999,"en-CA,fr-CA,iu",US,
38,CC,CCK,166,CK,Cocos Islands,West Island,14.0,628,AS,.cc,AUD,Dollar,61,,,1547376,"ms-CC,en",,
39,CD,COD,180,CG,Democratic Republic of the Congo,Kinshasa,2345410.0,70916439,AF,.cd,CDF,Franc,243,,,203312,"fr-CD,ln,ktu,kg,sw,lua","TZ,CF,SS,RW,ZM,BI,UG,CG,AO",
40,CF,CAF,140,CT,Central African Republic,Bangui,622984.0,4844927,AF,.cf,XAF,Franc,236,,,239880,"fr-CF,sg,ln,kg","TD,SD,CD,SS,CM,CG",
41,CG,COG,178,CF,Republic of the Congo,Brazzaville,342000.0,3039126,AF,.cg,XAF,Franc,242,,,2260494,"fr-CG,kg,ln-CG","CF,GA,CD,CM,AO",
42,CH,CHE,756,SZ,Switzerland,Bern,41290.0,8484100,EU,.ch,CHF,Franc,41,####,^(d{4})$,2658434,"de-CH,fr-CH,it-CH,rm","DE,IT,LI,FR,AT",
43,CI,CIV,384,IV,Ivory Coast,Yamoussoukro,322460.0,21058798,AF,.ci,XOF,Franc,225,,,2287781,fr-CI,"LR,GH,GN,BF,ML",
44,CK,COK,184,CW,Cook Islands,Avarua,240.0,21388,OC,.ck,NZD,Dollar,682,,,1899402,"en-CK,mi",,
45,CL,CHL,152,CI,Chile,Santiago,756950.0,16746491,SA,.cl,CLP,Peso,56,#######,^(d{7})$,3895114,es-CL,"PE,BO,AR",
46,CM,CMR,120,CM,Cameroon,Yaounde,475440.0,19294149,AF,.cm,XAF,Franc,237,,,2233387,"en-CM,fr-CM","TD,CF,GA,GQ,CG,NG",
47,CN,CHN,156,CH,China,Beijing,9596960.0,1330044000,AS,.cn,CNY,Yuan Renminbi,86,######,^(d{6})$,1814991,"zh-CN,yue,wuu,dta,ug,za","LA,BT,TJ,KZ,MN,AF,NP,MM,KG,PK,KP,RU,VN,IN",
48,CO,COL,170,CO,Colombia,Bogota,1138910.0,47790000,SA,.co,COP,Peso,57,######,^(d{6})$,3686110,es-CO,"EC,PE,PA,BR,VE",
49,CR,CRI,188,CS,Costa Rica,San Jose,51100.0,4516220,NA,.cr,CRC,Colon,506,#####,^(d{5})$,3624060,"es-CR,en","PA,NI",
50,CU,CUB,192,CU,Cuba,Havana,110860.0,11423000,NA,.cu,CUP,Peso,53,CP #####,^(?:CP)*(d{5})$,3562981,"es-CU,pap",US,
51,CV,CPV,132,CV,Cabo Verde,Praia,4033.0,508659,AF,.cv,CVE,Escudo,238,####,^(d{4})$,3374766,pt-CV,,
52,CW,CUW,531,UC,Curacao, Willemstad,444.0,141766,NA,.cw,ANG,Guilder,599,,,7626836,"nl,pap",,
53,CX,CXR,162,KT,Christmas Island,Flying Fish Cove,135.0,1500,OC,.cx,AUD,Dollar,61,####,^(d{4})$,2078138,"en,zh,ms-CC",,
54,CY,CYP,196,CY,Cyprus,Nicosia,9250.0,1102677,EU,.cy,EUR,Euro,357,####,^(d{4})$,146669,"el-CY,tr-CY,en",,
55,CZ,CZE,203,EZ,Czechia,Prague,78866.0,10476000,EU,.cz,CZK,Koruna,420,### ##,^d{3}s?d{2}$,3077311,"cs,sk","PL,DE,SK,AT",
56,DE,DEU,276,GM,Germany,Berlin,357021.0,81802257,EU,.de,EUR,Euro,49,#####,^(d{5})$,2921044,de,"CH,PL,NL,DK,BE,CZ,LU,FR,AT",
57,DJ,DJI,262,DJ,Djibouti,Djibouti,23000.0,740528,AF,.dj,DJF,Franc,253,,,223816,"fr-DJ,ar,so-DJ,aa","ER,ET,SO",
58,DK,DNK,208,DA,Denmark,Copenhagen,43094.0,5484000,EU,.dk,DKK,Krone,45,####,^(d{4})$,2623032,"da-DK,en,fo,de-DK",DE,
59,DM,DMA,212,DO,Dominica,Roseau,754.0,72813,NA,.dm,XCD,Dollar,+1-767,,,3575830,en-DM,,
60,DO,DOM,214,DR,Dominican Republic,Santo Domingo,48730.0,9823821,NA,.do,DOP,Peso,+1-809 and,#####,^(d{5})$,3508796,es-DO,HT,
61,DZ,DZA,12,AG,Algeria,Algiers,2381740.0,34586184,AF,.dz,DZD,Dinar,213,#####,^(d{5})$,2589581,ar-DZ,"NE,EH,LY,MR,TN,MA,ML",
62,EC,ECU,218,EC,Ecuador,Quito,283560.0,14790608,SA,.ec,USD,Dollar,593,@####@,^([a-zA-Z]d{4}[a-zA-Z])$,3658394,es-EC,"PE,CO",
63,EE,EST,233,EN,Estonia,Tallinn,45226.0,1291170,EU,.ee,EUR,Euro,372,#####,^(d{5})$,453733,"et,ru","RU,LV",
64,EG,EGY,818,EG,Egypt,Cairo,1001450.0,80471869,AF,.eg,EGP,Pound,20,#####,^(d{5})$,357994,"ar-EG,en,fr","LY,SD,IL,PS",
65,EH,ESH,732,WI,Western Sahara,El-Aaiun,266000.0,273008,AF,.eh,MAD,Dirham,212,,,2461445,"ar,mey","DZ,MR,MA",
66,ER,ERI,232,ER,Eritrea,Asmara,121320.0,5792984,AF,.er,ERN,Nakfa,291,,,338010,"aa-ER,ar,tig,kun,ti-ER","ET,SD,DJ",
67,ES,ESP,724,SP,Spain,Madrid,504782.0,46505963,EU,.es,EUR,Euro,34,#####,^(d{5})$,2510769,"es-ES,ca,gl,eu,oc","AD,PT,GI,FR,MA",
68,ET,ETH,231,ET,Ethiopia,Addis Ababa,1127127.0,88013491,AF,.et,ETB,Birr,251,####,^(d{4})$,337996,"am,en-ET,om-ET,ti-ET,so-ET,sid","ER,KE,SD,SS,SO,DJ",
69,FI,FIN,246,FI,Finland,Helsinki,337030.0,5244000,EU,.fi,EUR,Euro,358,#####,^(?:FI)*(d{5})$,660013,"fi-FI,sv-FI,smn","NO,RU,SE",
70,FJ,FJI,242,FJ,Fiji,Suva,18270.0,875983,OC,.fj,FJD,Dollar,679,,,2205218,"en-FJ,fj",,
71,FK,FLK,238,FK,Falkland Islands,Stanley,12173.0,2638,SA,.fk,FKP,Pound,500,,,3474414,en-FK,,
72,FM,FSM,583,FM,Micronesia,Palikir,702.0,107708,OC,.fm,USD,Dollar,691,#####,^(d{5})$,2081918,"en-FM,chk,pon,yap,kos,uli,woe,nkr,kpg",,
73,FO,FRO,234,FO,Faroe Islands,Torshavn,1399.0,48228,EU,.fo,DKK,Krone,298,###,^(?:FO)*(d{3})$,2622320,"fo,da-FO",,
74,FR,FRA,250,FR,France,Paris,547030.0,64768389,EU,.fr,EUR,Euro,33,#####,^(d{5})$,3017382,"fr-FR,frp,br,co,ca,eu,oc","CH,DE,BE,LU,IT,AD,MC,ES",
75,GA,GAB,266,GB,Gabon,Libreville,267667.0,1545255,AF,.ga,XAF,Franc,241,,,2400553,fr-GA,"CM,GQ,CG",
76,GB,GBR,826,UK,United Kingdom,London,244820.0,62348447,EU,.uk,GBP,Pound,44,@# #@@|@## #@@|@@# #@@|@@## #@@|@#@ #@@|@@#@ #@@|GIR0AA,"^([Gg][Ii][Rr] 0[Aa]{2})|((([A-Za-z][0-9]{1,2})|(([A-Za-z][A-Ha-hJ-Yj-y][0-9]{1,2})|(([A-Za-z][0-9][A-Za-z])|([A-Za-z][A-Ha-hJ-Yj-y][0-9]?[A-Za-z])))) [0-9][A-Za-z]{2})$",2635167,"en-GB,cy-GB,gd",IE,
77,GD,GRD,308,GJ,Grenada,St. George's,344.0,107818,NA,.gd,XCD,Dollar,+1-473,,,3580239,en-GD,,
78,GE,GEO,268,GG,Georgia,Tbilisi,69700.0,4630000,AS,.ge,GEL,Lari,995,####,^(d{4})$,614540,"ka,ru,hy,az","AM,AZ,TR,RU",
79,GF,GUF,254,FG,French Guiana,Cayenne,91000.0,195506,SA,.gf,EUR,Euro,594,#####,^((97|98)3d{2})$,3381670,fr-GF,"SR,BR",
80,GG,GGY,831,GK,Guernsey,St Peter Port,78.0,65228,EU,.gg,GBP,Pound,+44-1481,@# #@@|@## #@@|@@# #@@|@@## #@@|@#@ #@@|@@#@ #@@|GIR0AA,^((?:(?:[A-PR-UWYZ][A-HK-Y]d[ABEHMNPRV-Y0-9]|[A-PR-UWYZ]d[A-HJKPS-UW0-9])sd[ABD-HJLNP-UW-Z]{2})|GIRs?0AA)$,3042362,"en,nrf",,
81,GH,GHA,288,GH,Ghana,Accra,239460.0,24339838,AF,.gh,GHS,Cedi,233,,,2300660,"en-GH,ak,ee,tw","CI,TG,BF",
82,GI,GIB,292,GI,Gibraltar,Gibraltar,6.5,27884,EU,.gi,GIP,Pound,350,,,2411586,"en-GI,es,it,pt",ES,
83,GL,GRL,304,GL,Greenland,Nuuk,2166086.0,56375,NA,.gl,DKK,Krone,299,####,^(d{4})$,3425505,"kl,da-GL,en",,
84,GM,GMB,270,GA,Gambia,Banjul,11300.0,1593256,AF,.gm,GMD,Dalasi,220,,,2413451,"en-GM,mnk,wof,wo,ff",SN,
85,GN,GIN,324,GV,Guinea,Conakry,245857.0,10324025,AF,.gn,GNF,Franc,224,,,2420477,fr-GN,"LR,SN,SL,CI,GW,ML",
86,GP,GLP,312,GP,Guadeloupe,Basse-Terre,1780.0,443000,NA,.gp,EUR,Euro,590,#####,^((97|98)d{3})$,3579143,fr-GP,,
87,GQ,GNQ,226,EK,Equatorial Guinea,Malabo,28051.0,1014999,AF,.gq,XAF,Franc,240,,,2309096,"es-GQ,fr","GA,CM",
88,GR,GRC,300,GR,Greece,Athens,131940.0,11000000,EU,.gr,EUR,Euro,30,### ##,^(d{5})$,390903,"el-GR,en,fr","AL,MK,TR,BG",
89,GS,SGS,239,SX,South Georgia and the South Sandwich Islands,Grytviken,3903.0,30,AN,.gs,GBP,Pound,,,,3474415,en,,
90,GT,GTM,320,GT,Guatemala,Guatemala City,108890.0,13550440,NA,.gt,GTQ,Quetzal,502,#####,^(d{5})$,3595528,es-GT,"MX,HN,BZ,SV",
91,GU,GUM,316,GQ,Guam,Hagatna,549.0,159358,OC,.gu,USD,Dollar,+1-671,969##,^(969d{2})$,4043988,"en-GU,ch-GU",,
92,GW,GNB,624,PU,Guinea-Bissau,Bissau,36120.0,1565126,AF,.gw,XOF,Franc,245,####,^(d{4})$,2372248,"pt-GW,pov","SN,GN",
93,GY,GUY,328,GY,Guyana,Georgetown,214970.0,748486,SA,.gy,GYD,Dollar,592,,,3378535,en-GY,"SR,BR,VE",
94,HK,HKG,344,HK,Hong Kong,Hong Kong,1092.0,6898686,AS,.hk,HKD,Dollar,852,,,1819730,"zh-HK,yue,zh,en",,
95,HM,HMD,334,HM,Heard Island and McDonald Islands,,412.0,0,AN,.hm,AUD,Dollar,,,,1547314,,,
96,HN,HND,340,HO,Honduras,Tegucigalpa,112090.0,7989415,NA,.hn,HNL,Lempira,504,@@####,^([A-Z]{2}d{4})$,3608932,"es-HN,cab,miq","GT,NI,SV",
97,HR,HRV,191,HR,Croatia,Zagreb,56542.0,4284889,EU,.hr,HRK,Kuna,385,#####,^(?:HR)*(d{5})$,3202326,"hr-HR,sr","HU,SI,BA,ME,RS",
98,HT,HTI,332,HA,Haiti,Port-au-Prince,27750.0,9648924,NA,.ht,HTG,Gourde,509,HT####,^(?:HT)*(d{4})$,3723988,"ht,fr-HT",DO,
99,HU,HUN,348,HU,Hungary,Budapest,93030.0,9982000,EU,.hu,HUF,Forint,36,####,^(d{4})$,719819,hu-HU,"SK,SI,RO,UA,HR,AT,RS",
100,ID,IDN,360,ID,Indonesia,Jakarta,1919440.0,242968342,AS,.id,IDR,Rupiah,62,#####,^(d{5})$,1643084,"id,en,nl,jv","PG,TL,MY",
101,IE,IRL,372,EI,Ireland,Dublin,70280.0,4622917,EU,.ie,EUR,Euro,353,@@@ @@@@,^[A-Z]d{2}$|^[A-Z]{3}[A-Z]{4}$,2963597,"en-IE,ga-IE",GB,
102,IL,ISR,376,IS,Israel,Jerusalem,20770.0,7353985,AS,.il,ILS,Shekel,972,#######,^(d{7}|d{5})$,294640,"he,ar-IL,en-IL,","SY,JO,LB,EG,PS",
103,IM,IMN,833,IM,Isle of Man,Douglas,572.0,75049,EU,.im,GBP,Pound,+44-1624,@# #@@|@## #@@|@@# #@@|@@## #@@|@#@ #@@|@@#@ #@@|GIR0AA,^((?:(?:[A-PR-UWYZ][A-HK-Y]d[ABEHMNPRV-Y0-9]|[A-PR-UWYZ]d[A-HJKPS-UW0-9])sd[ABD-HJLNP-UW-Z]{2})|GIRs?0AA)$,3042225,"en,gv",,
104,IN,IND,356,IN,India,New Delhi,3287590.0,1173108018,AS,.in,INR,Rupee,91,######,^(d{6})$,1269750,"en-IN,hi,bn,te,mr,ta,ur,gu,kn,ml,or,pa,as,bh,sat,ks,ne,sd,kok,doi,mni,sit,sa,fr,lus,inc","CN,NP,MM,BT,PK,BD",
105,IO,IOT,86,IO,British Indian Ocean Territory,Diego Garcia,60.0,4000,AS,.io,USD,Dollar,246,,,1282588,en-IO,,
106,IQ,IRQ,368,IZ,Iraq,Baghdad,437072.0,29671605,AS,.iq,IQD,Dinar,964,#####,^(d{5})$,99237,"ar-IQ,ku,hy","SY,SA,IR,JO,TR,KW",
107,IR,IRN,364,IR,Iran,Tehran,1648000.0,76923300,AS,.ir,IRR,Rial,98,##########,^(d{10})$,130758,"fa-IR,ku","TM,AF,IQ,AM,PK,AZ,TR",
108,IS,ISL,352,IC,Iceland,Reykjavik,103000.0,308910,EU,.is,ISK,Krona,354,###,^(d{3})$,2629691,"is,en,de,da,sv,no",,
109,IT,ITA,380,IT,Italy,Rome,301230.0,60340328,EU,.it,EUR,Euro,39,#####,^(d{5})$,3175395,"it-IT,de-IT,fr-IT,sc,ca,co,sl","CH,VA,SI,SM,FR,AT",
110,JE,JEY,832,JE,Jersey,Saint Helier,116.0,90812,EU,.je,GBP,Pound,+44-1534,@# #@@|@## #@@|@@# #@@|@@## #@@|@#@ #@@|@@#@ #@@|GIR0AA,^((?:(?:[A-PR-UWYZ][A-HK-Y]d[ABEHMNPRV-Y0-9]|[A-PR-UWYZ]d[A-HJKPS-UW0-9])sd[ABD-HJLNP-UW-Z]{2})|GIRs?0AA)$,3042142,"en,fr,nrf",,
111,JM,JAM,388,JM,Jamaica,Kingston,10991.0,2847232,NA,.jm,JMD,Dollar,+1-876,,,3489940,en-JM,,
112,JO,JOR,400,JO,Jordan,Amman,92300.0,6407085,AS,.jo,JOD,Dinar,962,#####,^(d{5})$,248816,"ar-JO,en","SY,SA,IQ,IL,PS",
113,JP,JPN,392,JA,Japan,Tokyo,377835.0,127288000,AS,.jp,JPY,Yen,81,###-####,^d{3}-d{4}$,1861060,ja,,
114,KE,KEN,404,KE,Kenya,Nairobi,582650.0,40046566,AF,.ke,KES,Shilling,254,#####,^(d{5})$,192950,"en-KE,sw-KE","ET,TZ,SS,SO,UG",
115,KG,KGZ,417,KG,Kyrgyzstan,Bishkek,198500.0,5776500,AS,.kg,KGS,Som,996,######,^(d{6})$,1527747,"ky,uz,ru","CN,TJ,UZ,KZ",
116,KH,KHM,116,CB,Cambodia,Phnom Penh,181040.0,14453680,AS,.kh,KHR,Riels,855,#####,^(d{5})$,1831722,"km,fr,en","LA,TH,VN",
117,KI,KIR,296,KR,Kiribati,Tarawa,811.0,92533,OC,.ki,AUD,Dollar,686,,,4030945,"en-KI,gil",,
118,KM,COM,174,CN,Comoros,Moroni,2170.0,773407,AF,.km,KMF,Franc,269,,,921929,"ar,fr-KM",,
119,KN,KNA,659,SC,Saint Kitts and Nevis,Basseterre,261.0,51134,NA,.kn,XCD,Dollar,+1-869,,,3575174,en-KN,,
120,KP,PRK,408,KN,North Korea,Pyongyang,120540.0,22912177,AS,.kp,KPW,Won,850,###-###,^(d{6})$,1873107,ko-KP,"CN,KR,RU",
121,KR,KOR,410,KS,South Korea,Seoul,98480.0,48422644,AS,.kr,KRW,Won,82,#####,^(d{5})$,1835841,"ko-KR,en",KP,
122,XK,XKX,0,KV,Kosovo,Pristina,10908.0,1800000,EU,,EUR,Euro,,,,831053,"sq,sr","RS,AL,MK,ME",
123,KW,KWT,414,KU,Kuwait,Kuwait City,17820.0,2789132,AS,.kw,KWD,Dinar,965,#####,^(d{5})$,285570,"ar-KW,en","SA,IQ",
124,KY,CYM,136,CJ,Cayman Islands,George Town,262.0,44270,NA,.ky,KYD,Dollar,+1-345,,,3580718,en-KY,,
125,KZ,KAZ,398,KZ,Kazakhstan,Nur-Sultan,2717300.0,15340000,AS,.kz,KZT,Tenge,7,######,^(d{6})$,1522867,"kk,ru","TM,CN,KG,UZ,RU",
126,LA,LAO,418,LA,Laos,Vientiane,236800.0,6368162,AS,.la,LAK,Kip,856,#####,^(d{5})$,1655842,"lo,fr,en","CN,MM,KH,TH,VN",
127,LB,LBN,422,LE,Lebanon,Beirut,10400.0,4125247,AS,.lb,LBP,Pound,961,#### ####|####,^(d{4}(d{4})?)$,272103,"ar-LB,fr-LB,en,hy","SY,IL",
128,LC,LCA,662,ST,Saint Lucia,Castries,616.0,160922,NA,.lc,XCD,Dollar,+1-758,,,3576468,en-LC,,
129,LI,LIE,438,LS,Liechtenstein,Vaduz,160.0,35000,EU,.li,CHF,Franc,423,####,^(d{4})$,3042058,de-LI,"CH,AT",
130,LK,LKA,144,CE,Sri Lanka,Colombo,65610.0,21513990,AS,.lk,LKR,Rupee,94,#####,^(d{5})$,1227603,"si,ta,en",,
131,LR,LBR,430,LI,Liberia,Monrovia,111370.0,3685076,AF,.lr,LRD,Dollar,231,####,^(d{4})$,2275384,en-LR,"SL,CI,GN",
132,LS,LSO,426,LT,Lesotho,Maseru,30355.0,1919552,AF,.ls,LSL,Loti,266,###,^(d{3})$,932692,"en-LS,st,zu,xh",ZA,
133,LT,LTU,440,LH,Lithuania,Vilnius,65200.0,2944459,EU,.lt,EUR,Euro,370,LT-#####,^(?:LT)*(d{5})$,597427,"lt,ru,pl","PL,BY,RU,LV",
134,LU,LUX,442,LU,Luxembourg,Luxembourg,2586.0,497538,EU,.lu,EUR,Euro,352,L-####,^(?:L-)?d{4}$,2960313,"lb,de-LU,fr-LU","DE,BE,FR",
135,LV,LVA,428,LG,Latvia,Riga,64589.0,2217969,EU,.lv,EUR,Euro,371,LV-####,^(?:LV)*(d{4})$,458258,"lv,ru,lt","LT,EE,BY,RU",
136,LY,LBY,434,LY,Libya,Tripoli,1759540.0,6461454,AF,.ly,LYD,Dinar,218,,,2215636,"ar-LY,it,en","TD,NE,DZ,SD,TN,EG",
137,MA,MAR,504,MO,Morocco,Rabat,446550.0,33848242,AF,.ma,MAD,Dirham,212,#####,^(d{5})$,2542007,"ar-MA,ber,fr","DZ,EH,ES",
138,MC,MCO,492,MN,Monaco,Monaco,1.95,32965,EU,.mc,EUR,Euro,377,#####,^(d{5})$,2993457,"fr-MC,en,it",FR,
139,MD,MDA,498,MD,Moldova,Chisinau,33843.0,4324000,EU,.md,MDL,Leu,373,MD-####,^MD-d{4}$,617790,"ro,ru,gag,tr","RO,UA",
140,ME,MNE,499,MJ,Montenegro,Podgorica,14026.0,666730,EU,.me,EUR,Euro,382,#####,^(d{5})$,3194884,"sr,hu,bs,sq,hr,rom","AL,HR,BA,RS,XK",
141,MF,MAF,663,RN,Saint Martin,Marigot,53.0,35925,NA,.gp,EUR,Euro,590,#####,^(d{5})$,3578421,fr,SX,
142,MG,MDG,450,MA,Madagascar,Antananarivo,587040.0,21281844,AF,.mg,MGA,Ariary,261,###,^(d{3})$,1062947,"fr-MG,mg",,
143,MH,MHL,584,RM,Marshall Islands,Majuro,181.3,65859,OC,.mh,USD,Dollar,692,#####-####,^969d{2}(-d{4})$,2080185,"mh,en-MH",,
144,MK,MKD,807,MK,North Macedonia,Skopje,25333.0,2062294,EU,.mk,MKD,Denar,389,####,^(d{4})$,718075,"mk,sq,tr,rmm,sr","AL,GR,BG,RS,XK",
145,ML,MLI,466,ML,Mali,Bamako,1240000.0,13796354,AF,.ml,XOF,Franc,223,,,2453866,"fr-ML,bm","SN,NE,DZ,CI,GN,MR,BF",
146,MM,MMR,104,BM,Myanmar,Nay Pyi Taw,678500.0,53414374,AS,.mm,MMK,Kyat,95,#####,^(d{5})$,1327865,my,"CN,LA,TH,BD,IN",
147,MN,MNG,496,MG,Mongolia,Ulaanbaatar,1565000.0,3086918,AS,.mn,MNT,Tugrik,976,######,^(d{6})$,2029969,"mn,ru","CN,RU",
148,MO,MAC,446,MC,Macao,Macao,254.0,449198,AS,.mo,MOP,Pataca,853,,,1821275,"zh,zh-MO,pt",,
149,MP,MNP,580,CQ,Northern Mariana Islands,Saipan,477.0,53883,OC,.mp,USD,Dollar,+1-670,#####,^9695d{1}$,4041468,"fil,tl,zh,ch-MP,en-MP",,
150,MQ,MTQ,474,MB,Martinique,Fort-de-France,1100.0,432900,NA,.mq,EUR,Euro,596,#####,^(d{5})$,3570311,fr-MQ,,
151,MR,MRT,478,MR,Mauritania,Nouakchott,1030700.0,3205060,AF,.mr,MRO,Ouguiya,222,,,2378080,"ar-MR,fuc,snk,fr,mey,wo","SN,DZ,EH,ML",
152,MS,MSR,500,MH,Montserrat,Plymouth,102.0,9341,NA,.ms,XCD,Dollar,+1-664,,,3578097,en-MS,,
153,MT,MLT,470,MT,Malta,Valletta,316.0,403000,EU,.mt,EUR,Euro,356,@@@ ####,^[A-Z]{3}s?d{4}$,2562770,"mt,en-MT",,
154,MU,MUS,480,MP,Mauritius,Port Louis,2040.0,1294104,AF,.mu,MUR,Rupee,230,,,934292,"en-MU,bho,fr",,
155,MV,MDV,462,MV,Maldives,Male,300.0,395650,AS,.mv,MVR,Rufiyaa,960,#####,^(d{5})$,1282028,"dv,en",,
156,MW,MWI,454,MI,Malawi,Lilongwe,118480.0,15447500,AF,.mw,MWK,Kwacha,265,,,927384,"ny,yao,tum,swk","TZ,MZ,ZM",
157,MX,MEX,484,MX,Mexico,Mexico City,1972550.0,112468855,NA,.mx,MXN,Peso,52,#####,^(d{5})$,3996063,es-MX,"GT,US,BZ",
158,MY,MYS,458,MY,Malaysia,Kuala Lumpur,329750.0,28274729,AS,.my,MYR,Ringgit,60,#####,^(d{5})$,1733045,"ms-MY,en,zh,ta,te,ml,pa,th","BN,TH,ID",
159,MZ,MOZ,508,MZ,Mozambique,Maputo,801590.0,22061451,AF,.mz,MZN,Metical,258,####,^(d{4})$,1036973,"pt-MZ,vmw","ZW,TZ,SZ,ZA,ZM,MW",
160,NA,NAM,516,WA,Namibia,Windhoek,825418.0,2128471,AF,.na,NAD,Dollar,264,,,3355338,"en-NA,af,de,hz,naq","ZA,BW,ZM,AO",
161,NC,NCL,540,NC,New Caledonia,Noumea,19060.0,216494,OC,.nc,XPF,Franc,687,#####,^(d{5})$,2139685,fr-NC,,
162,NE,NER,562,NG,Niger,Niamey,1267000.0,15878271,AF,.ne,XOF,Franc,227,####,^(d{4})$,2440476,"fr-NE,ha,kr,dje","TD,BJ,DZ,LY,BF,NG,ML",
163,NF,NFK,574,NF,Norfolk Island,Kingston,34.6,1828,OC,.nf,AUD,Dollar,672,####,^(d{4})$,2155115,en-NF,,
164,NG,NGA,566,NI,Nigeria,Abuja,923768.0,154000000,AF,.ng,NGN,Naira,234,######,^(d{6})$,2328926,"en-NG,ha,yo,ig,ff","TD,NE,BJ,CM",
165,NI,NIC,558,NU,Nicaragua,Managua,129494.0,5995928,NA,.ni,NIO,Cordoba,505,###-###-#,^(d{7})$,3617476,"es-NI,en","CR,HN",
166,NL,NLD,528,NL,Netherlands,Amsterdam,41526.0,16645000,EU,.nl,EUR,Euro,31,#### @@,^(d{4}[A-Z]{2})$,2750405,"nl-NL,fy-NL","DE,BE",
167,NO,NOR,578,NO,Norway,Oslo,324220.0,5009150,EU,.no,NOK,Krone,47,####,^(d{4})$,3144096,"no,nb,nn,se,fi","FI,RU,SE",
168,NP,NPL,524,NP,Nepal,Kathmandu,140800.0,28951852,AS,.np,NPR,Rupee,977,#####,^(d{5})$,1282988,"ne,en","CN,IN",
169,NR,NRU,520,NR,Nauru,Yaren,21.0,10065,OC,.nr,AUD,Dollar,674,,,2110425,"na,en-NR",,
170,NU,NIU,570,NE,Niue,Alofi,260.0,2166,OC,.nu,NZD,Dollar,683,,,4036232,"niu,en-NU",,
171,NZ,NZL,554,NZ,New Zealand,Wellington,268680.0,4252277,OC,.nz,NZD,Dollar,64,####,^(d{4})$,2186224,"en-NZ,mi",,
172,OM,OMN,512,MU,Oman,Muscat,212460.0,2967717,AS,.om,OMR,Rial,968,###,^(d{3})$,286963,"ar-OM,en,bal,ur","SA,YE,AE",
173,PA,PAN,591,PM,Panama,Panama City,78200.0,3410676,NA,.pa,PAB,Balboa,507,,,3703430,"es-PA,en","CR,CO",
174,PE,PER,604,PE,Peru,Lima,1285220.0,29907003,SA,.pe,PEN,Sol,51,,,3932488,"es-PE,qu,ay","EC,CL,BO,BR,CO",
175,PF,PYF,258,FP,French Polynesia,Papeete,4167.0,270485,OC,.pf,XPF,Franc,689,#####,^((97|98)7d{2})$,4030656,"fr-PF,ty",,
176,PG,PNG,598,PP,Papua New Guinea,Port Moresby,462840.0,6064515,OC,.pg,PGK,Kina,675,###,^(d{3})$,2088628,"en-PG,ho,meu,tpi",ID,
177,PH,PHL,608,RP,Philippines,Manila,300000.0,99900177,AS,.ph,PHP,Peso,63,####,^(d{4})$,1694008,"tl,en-PH,fil,ceb,tgl,ilo,hil,war,pam,bik,bcl,pag,mrw,tsg,mdh,cbk,krj,sgd,msb,akl,ibg,yka,mta,abx",,
178,PK,PAK,586,PK,Pakistan,Islamabad,803940.0,184404791,AS,.pk,PKR,Rupee,92,#####,^(d{5})$,1168579,"ur-PK,en-PK,pa,sd,ps,brh","CN,AF,IR,IN",
179,PL,POL,616,PL,Poland,Warsaw,312685.0,38500000,EU,.pl,PLN,Zloty,48,##-###,^d{2}-d{3}$,798544,pl,"DE,LT,SK,CZ,BY,UA,RU",
180,PM,SPM,666,SB,Saint Pierre and Miquelon,Saint-Pierre,242.0,7012,NA,.pm,EUR,Euro,508,#####,^(97500)$,3424932,fr-PM,,
181,PN,PCN,612,PC,Pitcairn,Adamstown,47.0,46,OC,.pn,NZD,Dollar,870,,,4030699,en-PN,,
182,PR,PRI,630,RQ,Puerto Rico,San Juan,9104.0,3916632,NA,.pr,USD,Dollar,+1-787 and,#####-####,^00[679]d{2}(?:-d{4})?$,4566966,"en-PR,es-PR",,
183,PS,PSE,275,WE,Palestinian Territory,East Jerusalem,5970.0,3800000,AS,.ps,ILS,Shekel,970,,,6254930,ar-PS,"JO,IL,EG",
184,PT,PRT,620,PO,Portugal,Lisbon,92391.0,10676000,EU,.pt,EUR,Euro,351,####-###,"^d{4}-d{3}s?[a-zA-Z]{0,25}$",2264397,"pt-PT,mwl",ES,
185,PW,PLW,585,PS,Palau,Melekeok,458.0,19907,OC,.pw,USD,Dollar,680,96940,^(96940)$,1559582,"pau,sov,en-PW,tox,ja,fil,zh",,
186,PY,PRY,600,PA,Paraguay,Asuncion,406750.0,6375830,SA,.py,PYG,Guarani,595,####,^(d{4})$,3437598,"es-PY,gn","BO,BR,AR",
187,QA,QAT,634,QA,Qatar,Doha,11437.0,840926,AS,.qa,QAR,Rial,974,,,289688,"ar-QA,es",SA,
188,RE,REU,638,RE,Reunion,Saint-Denis,2517.0,776948,AF,.re,EUR,Euro,262,#####,^((97|98)(4|7|8)d{2})$,935317,fr-RE,,
189,RO,ROU,642,RO,Romania,Bucharest,237500.0,21959278,EU,.ro,RON,Leu,40,######,^(d{6})$,798549,"ro,hu,rom","MD,HU,UA,BG,RS",
190,RS,SRB,688,RI,Serbia,Belgrade,88361.0,7344847,EU,.rs,RSD,Dinar,381,######,^(d{6})$,6290252,"sr,hu,bs,rom","AL,HU,MK,RO,HR,BA,BG,ME,XK",
191,RU,RUS,643,RS,Russia,Moscow,17100000.0,140702000,EU,.ru,RUB,Ruble,7,######,^(d{6})$,2017370,"ru,tt,xal,cau,ady,kv,ce,tyv,cv,udm,tut,mns,bua,myv,mdf,chm,ba,inh,tut,kbd,krc,av,sah,nog","GE,CN,BY,UA,KZ,LV,PL,EE,LT,FI,MN,NO,AZ,KP",
192,RW,RWA,646,RW,Rwanda,Kigali,26338.0,11055976,AF,.rw,RWF,Franc,250,,,49518,"rw,en-RW,fr-RW,sw","TZ,CD,BI,UG",
193,SA,SAU,682,SA,Saudi Arabia,Riyadh,1960582.0,25731776,AS,.sa,SAR,Rial,966,#####,^(d{5})$,102358,ar-SA,"QA,OM,IQ,YE,JO,AE,KW",
194,SB,SLB,90,BP,Solomon Islands,Honiara,28450.0,559198,OC,.sb,SBD,Dollar,677,,,2103350,"en-SB,tpi",,
195,SC,SYC,690,SE,Seychelles,Victoria,455.0,88340,AF,.sc,SCR,Rupee,248,,,241170,"en-SC,fr-SC",,
196,SD,SDN,729,SU,Sudan,Khartoum,1861484.0,35000000,AF,.sd,SDG,Pound,249,#####,^(d{5})$,366755,"ar-SD,en,fia","SS,TD,EG,ET,ER,LY,CF",
197,SS,SSD,728,OD,South Sudan,Juba,644329.0,8260490,AF,,SSP,Pound,211,,,7909807,en,"CD,CF,ET,KE,SD,UG",
198,SE,SWE,752,SW,Sweden,Stockholm,449964.0,9828655,EU,.se,SEK,Krona,46,### ##,^(?:SE)?d{3}sd{2}$,2661886,"sv-SE,se,sma,fi-SE","NO,FI",
199,SG,SGP,702,SN,Singapore,Singapore,692.7,4701069,AS,.sg,SGD,Dollar,65,######,^(d{6})$,1880251,"cmn,en-SG,ms-SG,ta-SG,zh-SG",,
200,SH,SHN,654,SH,Saint Helena,Jamestown,410.0,7460,AF,.sh,SHP,Pound,290,STHL 1ZZ,^(STHL1ZZ)$,3370751,en-SH,,
201,SI,SVN,705,SI,Slovenia,Ljubljana,20273.0,2007000,EU,.si,EUR,Euro,386,####,^(?:SI)*(d{4})$,3190538,"sl,sh","HU,IT,HR,AT",
202,SJ,SJM,744,SV,Svalbard and Jan Mayen,Longyearbyen,62049.0,2550,EU,.sj,NOK,Krone,47,####,^(d{4})$,607072,"no,ru",,
203,SK,SVK,703,LO,Slovakia,Bratislava,48845.0,5455000,EU,.sk,EUR,Euro,421,### ##,^d{3}s?d{2}$,3057568,"sk,hu","PL,HU,CZ,UA,AT",
204,SL,SLE,694,SL,Sierra Leone,Freetown,71740.0,5245695,AF,.sl,SLL,Leone,232,,,2403846,"en-SL,men,tem","LR,GN",
205,SM,SMR,674,SM,San Marino,San Marino,61.2,31477,EU,.sm,EUR,Euro,378,4789#,^(4789d)$,3168068,it-SM,IT,
206,SN,SEN,686,SG,Senegal,Dakar,196190.0,12323252,AF,.sn,XOF,Franc,221,#####,^(d{5})$,2245662,"fr-SN,wo,fuc,mnk","GN,MR,GW,GM,ML",
207,SO,SOM,706,SO,Somalia,Mogadishu,637657.0,10112453,AF,.so,SOS,Shilling,252,@@  #####,^([A-Z]{2}d{5})$,51537,"so-SO,ar-SO,it,en-SO","ET,KE,DJ",
208,SR,SUR,740,NS,Suriname,Paramaribo,163270.0,492829,SA,.sr,SRD,Dollar,597,,,3382998,"nl-SR,en,srn,hns,jv","GY,BR,GF",
209,ST,STP,678,TP,Sao Tome and Principe,Sao Tome,1001.0,197700,AF,.st,STD,Dobra,239,,,2410758,pt-ST,,
210,SV,SLV,222,ES,El Salvador,San Salvador,21040.0,6052064,NA,.sv,USD,Dollar,503,CP ####,^(?:CP)*(d{4})$,3585968,es-SV,"GT,HN",
211,SX,SXM,534,NN,Sint Maarten,Philipsburg,21.0,37429,NA,.sx,ANG,Guilder,599,,,7609695,"nl,en",MF,
212,SY,SYR,760,SY,Syria,Damascus,185180.0,22198110,AS,.sy,SYP,Pound,963,,,163843,"ar-SY,ku,hy,arc,fr,en","IQ,JO,IL,TR,LB",
213,SZ,SWZ,748,WZ,Eswatini,Mbabane,17363.0,1354051,AF,.sz,SZL,Lilangeni,268,@###,^([A-Z]d{3})$,934841,"en-SZ,ss-SZ","ZA,MZ",
214,TC,TCA,796,TK,Turks and Caicos Islands,Cockburn Town,430.0,20556,NA,.tc,USD,Dollar,+1-649,TKCA 1ZZ,^(TKCA 1ZZ)$,3576916,en-TC,,
215,TD,TCD,148,CD,Chad,N'Djamena,1284000.0,10543464,AF,.td,XAF,Franc,235,,,2434508,"fr-TD,ar-TD,sre","NE,LY,CF,SD,CM,NG",
216,TF,ATF,260,FS,French Southern Territories,Port-aux-Francais,7829.0,140,AN,.tf,EUR,Euro,,,,1546748,fr,,
217,TG,TGO,768,TO,Togo,Lome,56785.0,6587239,AF,.tg,XOF,Franc,228,,,2363686,"fr-TG,ee,hna,kbp,dag,ha","BJ,GH,BF",
218,TH,THA,764,TH,Thailand,Bangkok,514000.0,67089500,AS,.th,THB,Baht,66,#####,^(d{5})$,1605651,"th,en","LA,MM,KH,MY",
219,TJ,TJK,762,TI,Tajikistan,Dushanbe,143100.0,7487489,AS,.tj,TJS,Somoni,992,######,^(d{6})$,1220409,"tg,ru","CN,AF,KG,UZ",
220,TK,TKL,772,TL,Tokelau,,10.0,1466,OC,.tk,NZD,Dollar,690,,,4031074,"tkl,en-TK",,
221,TL,TLS,626,TT,Timor Leste,Dili,15007.0,1154625,OC,.tl,USD,Dollar,670,,,1966436,"tet,pt-TL,id,en",ID,
222,TM,TKM,795,TX,Turkmenistan,Ashgabat,488100.0,4940916,AS,.tm,TMT,Manat,993,######,^(d{6})$,1218197,"tk,ru,uz","AF,IR,UZ,KZ",
223,TN,TUN,788,TS,Tunisia,Tunis,163610.0,10589025,AF,.tn,TND,Dinar,216,####,^(d{4})$,2464461,"ar-TN,fr","DZ,LY",
224,TO,TON,776,TN,Tonga,Nuku'alofa,748.0,122580,OC,.to,TOP,Pa'anga,676,,,4032283,"to,en-TO",,
225,TR,TUR,792,TU,Turkey,Ankara,780580.0,77804122,AS,.tr,TRY,Lira,90,#####,^(d{5})$,298795,"tr-TR,ku,diq,az,av","SY,GE,IQ,IR,GR,AM,AZ,BG",
226,TT,TTO,780,TD,Trinidad and Tobago,Port of Spain,5128.0,1328019,NA,.tt,TTD,Dollar,+1-868,,,3573591,"en-TT,hns,fr,es,zh",,
227,TV,TUV,798,TV,Tuvalu,Funafuti,26.0,10472,OC,.tv,AUD,Dollar,688,,,2110297,"tvl,en,sm,gil",,
228,TW,TWN,158,TW,Taiwan,Taipei,35980.0,22894384,AS,.tw,TWD,Dollar,886,#####,^(d{5})$,1668284,"zh-TW,zh,nan,hak",,
229,TZ,TZA,834,TZ,Tanzania,Dodoma,945087.0,41892895,AF,.tz,TZS,Shilling,255,,,149590,"sw-TZ,en,ar","MZ,KE,CD,RW,ZM,BI,UG,MW",
230,UA,UKR,804,UP,Ukraine,Kyiv,603700.0,45415596,EU,.ua,UAH,Hryvnia,380,#####,^(d{5})$,690791,"uk,ru-UA,rom,pl,hu","PL,MD,HU,SK,BY,RO,RU",
231,UG,UGA,800,UG,Uganda,Kampala,236040.0,33398682,AF,.ug,UGX,Shilling,256,,,226074,"en-UG,lg,sw,ar","TZ,KE,SS,CD,RW",
232,UM,UMI,581,,United States Minor Outlying Islands,,0.0,0,OC,.um,USD,Dollar,1,,,5854968,en-UM,,
233,US,USA,840,US,United States,Washington,9629091.0,310232863,NA,.us,USD,Dollar,1,#####-####,^d{5}(-d{4})?$,6252001,"en-US,es-US,haw,fr","CA,MX,CU",
234,UY,URY,858,UY,Uruguay,Montevideo,176220.0,3477000,SA,.uy,UYU,Peso,598,#####,^(d{5})$,3439705,es-UY,"BR,AR",
235,UZ,UZB,860,UZ,Uzbekistan,Tashkent,447400.0,27865738,AS,.uz,UZS,Som,998,######,^(d{6})$,1512440,"uz,ru,tg","TM,AF,KG,TJ,KZ",
236,VA,VAT,336,VT,Vatican,Vatican City,0.44,921,EU,.va,EUR,Euro,379,#####,^(d{5})$,3164670,"la,it,fr",IT,
237,VC,VCT,670,VC,Saint Vincent and the Grenadines,Kingstown,389.0,104217,NA,.vc,XCD,Dollar,+1-784,,,3577815,"en-VC,fr",,
238,VE,VEN,862,VE,Venezuela,Caracas,912050.0,27223228,SA,.ve,VES,Bolivar Soberano,58,####,^(d{4})$,3625428,es-VE,"GY,BR,CO",
239,VG,VGB,92,VI,British Virgin Islands,Road Town,153.0,21730,NA,.vg,USD,Dollar,+1-284,,,3577718,en-VG,,
240,VI,VIR,850,VQ,U.S. Virgin Islands,Charlotte Amalie,352.0,108708,NA,.vi,USD,Dollar,+1-340,#####-####,^008d{2}(?:-d{4})?$,4796775,en-VI,,
241,VN,VNM,704,VM,Vietnam,Hanoi,329560.0,89571130,AS,.vn,VND,Dong,84,######,^(d{6})$,1562822,"vi,en,fr,zh,km","CN,LA,KH",
242,VU,VUT,548,NH,Vanuatu,Port Vila,12200.0,221552,OC,.vu,VUV,Vatu,678,,,2134431,"bi,en-VU,fr-VU",,
243,WF,WLF,876,WF,Wallis and Futuna,Mata Utu,274.0,16025,OC,.wf,XPF,Franc,681,#####,^(986d{2})$,4034749,"wls,fud,fr-WF",,
244,WS,WSM,882,WS,Samoa,Apia,2944.0,192001,OC,.ws,WST,Tala,685,,,4034894,"sm,en-WS",,
245,YE,YEM,887,YM,Yemen,Sanaa,527970.0,23495361,AS,.ye,YER,Rial,967,,,69543,ar-YE,"SA,OM",
246,YT,MYT,175,MF,Mayotte,Mamoudzou,374.0,159042,AF,.yt,EUR,Euro,262,#####,^(d{5})$,1024031,fr-YT,,
247,ZA,ZAF,710,SF,South Africa,Pretoria,1219912.0,49000000,AF,.za,ZAR,Rand,27,####,^(d{4})$,953987,"zu,xh,af,nso,en-ZA,tn,st,ts,ss,ve,nr","ZW,SZ,MZ,BW,NA,LS",
248,ZM,ZMB,894,ZA,Zambia,Lusaka,752614.0,13460305,AF,.zm,ZMW,Kwacha,260,#####,^(d{5})$,895949,"en-ZM,bem,loz,lun,lue,ny,toi","ZW,TZ,MZ,CD,NA,MW,AO",
249,ZW,ZWE,716,ZI,Zimbabwe,Harare,390580.0,13061000,AF,.zw,ZWL,Dollar,263,,,878675,"en-ZW,sn,nr,nd","ZA,MZ,BW,ZM",
250,CS,SCG,891,YI,Serbia and Montenegro,Belgrade,102350.0,10829175,EU,.cs,RSD,Dinar,381,#####,^(d{5})$,8505033,"cu,hu,sq,sr","AL,HU,MK,RO,HR,BA,BG",
251,AN,ANT,530,NT,Netherlands Antilles,Willemstad,960.0,300000,NA,.an,ANG,Guilder,599,,,8505032,"nl-AN,en,es",GP,
